rsu_id,location_x,location_y,coverage_radius,processing_power,bandwidth,memory,queue_length
0.0,611.8528947223795,139.49386065204183,174.0317400510889,10.618264661154695,93.54867063289528,2339.3817036307896,0.0
1.0,832.4426408004217,212.33911067827617,293.33096380873394,48.54479908357011,86.7708509920624,1928.5469964377671,0.0
2.0,304.24224295953775,524.7564316322379,177.01954572038505,44.045466860674274,38.522980464064986,1544.681717819676,0.0
3.0,684.2330265121569,440.1524937396013,211.36025249167,47.44619096643124,72.64268170074757,2775.2279145145294,0.0
4.0,607.5448519014384,170.52412368729154,119.4352987541537,34.60028906796679,99.10484650938368,1454.338094806602,0.0
