rsu_id,location_x,location_y,coverage_radius,processing_power,bandwidth,memory,queue_length
0,200.0,600.0,160.84844859190753,30.990257265289515,48.87505167779042,1918.6559186883846,0
1,600.0,200.0,222.37057894447588,15.579754426081674,36.29301836816963,2149.463582598221,0
2,0.0,0.0,191.2139968434072,41.407038455720546,27.970640394252378,2603.7281948066147,0
3,800.0,600.0,218.4829137724085,11.85801650879991,64.67903667112945,1547.8501079673597,0
4,400.0,200.0,113.0103185970559,47.95542149013333,96.90688297671034,3507.3966534137685,0
5,200.0,800.0,160.92275383467415,13.906884560255355,71.58097238609412,2376.148460768055,0
6,400.0,600.0,124.40764696895576,29.807076404450807,13.094966900369656,3817.4322751860186,0
7,0.0,200.0,151.7559963200034,36.50089137415928,38.053996848046985,2621.648961058235,0
